	cid	category	affirmation
0	0	Love	I am a radiant being of love, and I attract loving experiences into my life effortlessly
1	0	Love	 Love flows through me, illuminating every corner of my being and touching all whom I encounter
2	0	Love	 I am worthy of deep, meaningful connections that nurture and uplift my soul
3	0	Love	 Every day, I choose to lead with love, kindness, and compassion in all my interactions
4	0	Love	 My heart is a boundless reservoir of love, capable of healing and transforming any situation
5	0	Love	 I honor the divine presence of love within myself and in every living being around me
6	0	Love	 I embrace vulnerability as the gateway to authentic connections and profound love
7	0	Love	 I am a magnet for harmonious relationships that reflect the beauty and depth of my heart
8	0	Love	 My love knows no bounds, and I give and receive love freely and unconditionally
9	0	Love	 I am open to the magic of love, allowing it to guide me towards greater joy and fulfillment
10	0	Love	 I celebrate the uniqueness of every relationship in my life, cherishing each connection deeply
11	0	Love	 Love empowers me to express myself authentically and to receive love in return
12	0	Love	 I release all fears and barriers to love, allowing it to flow through me with grace and ease
13	0	Love	 My loving presence enriches the lives of those around me, creating a ripple effect of positivity
14	0	Love	 I am a vessel of divine love, spreading warmth, kindness, and empathy wherever I go
15	0	Love	  I am worthy of love and I attract it effortlessly into my life
16	0	Love	 My heart is open to giving and receiving love in abundance
17	0	Love	 I am surrounded by loving and supportive relationships
18	0	Love	 I deserve to be cherished and valued for who I am
19	0	Love	 Love flows freely through me, enriching every aspect of my life
20	0	Love	 I am deeply connected to the love that exists within me and around me
21	0	Love	 I nurture and cultivate loving connections with others
22	0	Love	 Every day, I choose love over fear, resentment, or anger
23	0	Love	 My capacity to love is boundless, and it grows stronger every day
24	0	Love	 I am grateful for the love that fills my heart and brightens my world
25	0	Love	 I am a magnet for positive and loving energy
26	0	Love	 I radiate love and compassion to everyone I meet
27	0	Love	 I am worthy of receiving the love I desire
28	0	Love	 Love is my natural state of being, and I embrace it fully
29	0	Love	 I trust in the power of love to heal and transform
30	0	Love	 I am loved unconditionally, just as I am
31	0	Love	 I give love freely, without expecting anything in return
32	0	Love	 I am worthy of a deep and fulfilling romantic relationship
33	0	Love	 I am surrounded by love, and I am safe and protected
34	0	Love	 I am deserving of all the love and happiness life has to offer
35	0	Love	 My heart is a beacon of love, shining brightly for all to see
36	0	Love	 I attract loving and supportive people into my life effortlessly
37	0	Love	 I am worthy of love and respect in all of my relationships
38	0	Love	 I am open to giving and receiving love without reservation
39	0	Love	  Love flows effortlessly into my life
40	0	Love	 I am worthy of giving and receiving love
41	0	Love	 My heart is open to love in all its forms
42	0	Love	 Love surrounds me, enveloping me in its warmth
43	0	Love	 I attract love by being my authentic self
44	0	Love	 Love is my natural state of being
45	0	Love	 I am deserving of deep, meaningful connections
46	0	Love	 Love radiates from within me, touching everyone I encounter
47	0	Love	 I am a magnet for love and positivity
48	0	Love	 I am grateful for the love that fills my life
49	0	Love	 Love is the foundation of all my relationships
50	0	Love	 I am open to giving and receiving love without fear
51	0	Love	 Love flows through me, connecting me to all beings
52	0	Love	 I am surrounded by love and support at all times
53	0	Love	 Love guides my actions and decisions
54	0	Love	 I am a vessel of love, sharing its light with the world
55	0	Love	 Love heals and transforms me from within
56	0	Love	 I am worthy of experiencing deep, fulfilling love
57	0	Love	 Love is my greatest strength and source of power
58	0	Love	 I am deeply connected to the universal energy of love
59	0	Love	 Love is abundant and limitless in my life
60	0	Love	 I am grateful for the love that fills my heart
61	0	Love	 Love brings me peace and harmony
62	0	Love	 I am surrounded by loving and supportive people
63	0	Love	 Love is the essence of who I am
64	0	Love	  Love flows freely and abundantly in my life
65	0	Love	 I am a magnet for harmonious and loving relationships
66	0	Love	 Love is my guiding light in all that I do
67	0	Love	 I am worthy of deep and profound love
68	0	Love	 My heart is open to giving and receiving love without conditions
69	0	Love	 Love fills every corner of my being, radiating outwards
70	0	Love	 I attract loving and supportive people into my life
71	0	Love	 Love is the fuel that propels me forward on my journey
72	0	Love	 I am surrounded by love in every aspect of my life
73	0	Love	 Love is the foundation of my existence, nurturing and sustaining me
74	0	Love	 I am grateful for the love that flows through me and around me
75	0	Love	 Love empowers me to overcome any obstacle with grace and ease
76	0	Love	 I am deserving of the purest and most unconditional love
77	0	Love	 Love is my birthright, and I embrace it fully
78	0	Love	 I am a vessel of love, spreading its warmth and kindness wherever I go
79	0	Love	 Love is the most powerful force in the universe, and I am connected to it
80	0	Love	 I am open to receiving all the love that the universe has to offer
81	0	Love	 Love is my constant companion, guiding me towards my highest good
82	0	Love	 I am surrounded by loving energy that uplifts and inspires me
83	0	Love	 Love fills me with a deep sense of peace and contentment
84	0	Love	 I am worthy of being loved deeply and completely
85	0	Love	 Love is my superpower, and it radiates from every pore of my being
86	0	Love	 I am grateful for the love that I give and receive every day
87	0	Love	 Love flows effortlessly into my life, bringing joy and fulfillment
88	0	Love	 I am a beacon of love, illuminating the world with my presence
89	0	Love	  Love is the essence of my being, guiding me towards compassion and understanding
90	0	Love	 I am surrounded by an abundance of love that nourishes my soul
91	0	Love	 Love is the greatest gift I can give and receive, and I do so freely and joyfully
92	0	Love	 My heart is a magnet for all the love and happiness the universe has to offer
93	0	Love	 I am deeply grateful for the love that fills every aspect of my life
94	0	Love	 Love flows through me effortlessly, touching everyone I meet with its warmth
95	0	Love	 I am worthy of experiencing deep and meaningful love in all areas of my life
96	0	Love	 Love is the foundation of my relationships, bringing harmony and balance
97	0	Love	 I am a conduit for love, spreading its light and healing energy wherever I go
98	0	Love	 Love is my true nature, and I embrace it fully with an open heart
99	1	Friendship	My friendships are a tapestry of diverse souls, each adding richness to my life
100	1	Friendship	 I am a magnet for authentic connections that nurture and uplift me
101	1	Friendship	 My circle of friends reflects the beautiful mosaic of humanity, embracing differences with love
102	1	Friendship	 Every friend I make is a new chapter in the story of my growth and evolution
103	1	Friendship	 I attract friends who resonate with my essence, creating deep bonds of understanding
104	1	Friendship	 My friendships are a sanctuary of trust and acceptance, where I am free to be myself
105	1	Friendship	 I cultivate friendships that inspire me to dream bigger and reach higher
106	1	Friendship	 Each friend I have is a reflection of the love and kindness I offer to the world
107	1	Friendship	 My friendships are a symphony of laughter, joy, and shared adventures
108	1	Friendship	 I am surrounded by friends who see my potential and encourage me to shine
109	1	Friendship	 Every friend I make expands my horizons, introducing me to new perspectives and experiences
110	1	Friendship	 My friendships are an oasis of support, where I find solace in times of need
111	1	Friendship	 I attract friends who celebrate my victories and lift me up during my challenges
112	1	Friendship	 My friendships are like flowers in a garden, blooming with love and care
113	1	Friendship	 I am a magnet for kindred spirits who share my values and passions
114	1	Friendship	 My friendships are a testament to the beauty of human connection, weaving threads of love and understanding
115	1	Friendship	 Every friend I have is a treasure, adding sparkle to the tapestry of my life
116	1	Friendship	 I nurture friendships with intention and care, sowing seeds of love and compassion
117	1	Friendship	 My circle of friends is a reflection of the light I bring into the world, illuminating each other's lives
118	1	Friendship	 I am grateful for the abundance of love and support that flows freely within my friendships
119	1	Friendship	  My friendships are a source of endless joy and laughter
120	1	Friendship	 I attract friends who support and uplift me unconditionally
121	1	Friendship	 Each friend in my life brings a unique perspective and adds depth to our bond
122	1	Friendship	 I nurture my friendships with care and affection
123	1	Friendship	 I am grateful for the deep connections I share with my friends
124	1	Friendship	 My friendships are built on a foundation of trust and mutual respect
125	1	Friendship	 I am surrounded by friends who celebrate my successes and offer support during challenges
126	1	Friendship	 Every friend I have enriches my life in their own special way
127	1	Friendship	 I am a loyal and dependable friend who is always there when needed
128	1	Friendship	 I attract friends who share my values and aspirations
129	1	Friendship	 My friendships are a reflection of the love and kindness I give and receive
130	1	Friendship	 I am open to forming new friendships and welcoming new people into my life
131	1	Friendship	 My friends inspire me to be the best version of myself
132	1	Friendship	 I am grateful for the laughter and shared experiences my friends bring into my life
133	1	Friendship	 I am surrounded by friends who accept and appreciate me for who I am
134	1	Friendship	 I attract friends who lift me up and encourage me to pursue my dreams
135	1	Friendship	 Each friendship in my life is a valuable treasure to be cherished
136	1	Friendship	 I am a positive influence in the lives of my friends, and they in mine
137	1	Friendship	 I am grateful for the memories and adventures I share with my friends
138	1	Friendship	 My friendships are a source of strength and comfort during difficult times
139	1	Friendship	 I am surrounded by friends who genuinely care about my well-being
140	1	Friendship	 I attract friends who bring out the best in me and inspire growth
141	1	Friendship	 I am a supportive and understanding friend who listens with empathy
142	1	Friendship	 My friendships are based on authenticity and genuine connection
143	1	Friendship	 I am blessed to have an abundance of meaningful friendships in my life
144	1	Friendship	  My friendships are a constant source of love and positivity
145	1	Friendship	 I attract friends who share my passions and interests, creating deep connections
146	1	Friendship	 Each friend I have adds color and vibrancy to my life
147	1	Friendship	 I am surrounded by friends who inspire me to embrace my true self
148	1	Friendship	 I cherish the moments of laughter and camaraderie shared with my friends
149	1	Friendship	 I attract friends who support my personal growth and encourage my ambitions
150	1	Friendship	 Every friend in my life brings their own unique energy, making our bond stronger
151	1	Friendship	 I am grateful for the lifelong memories created with my friends
152	1	Friendship	 I am a magnet for authentic connections and meaningful friendships
153	1	Friendship	 My friendships are a reflection of the love and care I invest in them
154	1	Friendship	 I am open to forming deep, meaningful friendships with new people
155	1	Friendship	 I attract friends who understand and appreciate my quirks and flaws
156	1	Friendship	 My friendships are built on a foundation of trust, honesty, and loyalty
157	1	Friendship	 I am surrounded by friends who bring out the best in me and support my goals
158	1	Friendship	 I am a good listener and offer support and guidance to my friends when needed
159	1	Friendship	 Every friend I have contributes to my growth and personal development
160	1	Friendship	 I am grateful for the diverse perspectives and experiences my friends bring into my life
161	1	Friendship	 My friendships are a sanctuary where I can be my authentic self without judgment
162	1	Friendship	 I attract friends who share my values and align with my vision for the future
163	1	Friendship	 I am surrounded by friends who celebrate my achievements and lift me up in times of need
164	1	Friendship	 I am a source of positivity and encouragement in my friendships
165	1	Friendship	 My friendships are a source of inspiration and motivation to pursue my dreams
166	1	Friendship	 I am grateful for the deep connections and meaningful conversations I share with my friends
167	1	Friendship	 I attract friends who support my well-being and encourage a healthy, balanced lifestyle
168	1	Friendship	 My friendships are a testament to the power of love, laughter, and genuine connection
169	1	Friendship	  My friendships are a source of joy and positivity
170	1	Friendship	 I attract friends who support and encourage me on my journey
171	1	Friendship	 Every friend I have adds value and meaning to my life
172	1	Friendship	 I am surrounded by a diverse group of friends who enrich my experiences
173	1	Friendship	 My friendships bring laughter and light into my life
174	1	Friendship	 I cultivate deep and meaningful connections with each of my friends
175	1	Friendship	 I appreciate the diversity of perspectives my friends bring into my life
176	1	Friendship	 I am a magnet for genuine and authentic friendships
177	1	Friendship	 Every friend I have is a unique and cherished companion
178	1	Friendship	 I attract friends who share my values and passions
179	1	Friendship	 My friendships are a reflection of my kindness and generosity
180	1	Friendship	 I am blessed with friends who lift me up and inspire me to be my best self
181	1	Friendship	 I nurture my friendships with care and gratitude
182	1	Friendship	 Every friend I have teaches me something valuable about myself and the world
183	1	Friendship	 I am grateful for the laughter and camaraderie shared with my friends
184	1	Friendship	 My friendships are built on a foundation of mutual respect and understanding
185	1	Friendship	 I attract friends who appreciate and celebrate my individuality
186	1	Friendship	 I am surrounded by friends who believe in my dreams and support my goals
187	1	Friendship	 Every friend I have brings a unique perspective that expands my worldview
188	1	Friendship	 I am blessed with friends who accept and love me unconditionally
189	1	Friendship	  I attract genuine and supportive friends into my life
190	1	Friendship	 My friendships are built on trust, respect, and mutual understanding
191	1	Friendship	 I am surrounded by friends who uplift and inspire me
192	1	Friendship	 I am a loyal and dependable friend
193	1	Friendship	  My friendships bring joy and laughter into my life
194	1	Friendship	  I am grateful for the meaningful connections I have with my friends
195	1	Friendship	 I nurture my friendships with kindness and compassion
196	1	Friendship	 I attract positive and like-minded individuals who become lifelong friends
197	1	Friendship	 My friendships are based on honesty and authenticity
198	1	Friendship	 I am open to forming new friendships and expanding my social circle
199	1	Friendship	 I cherish the bond I share with my friends
200	1	Friendship	 I am a good listener and offer support to my friends when they need it
201	1	Friendship	 I am surrounded by friends who accept me for who I am
202	1	Friendship	 My friendships are a source of comfort and strength during challenging times
203	1	Friendship	 I create unforgettable memories with my friends
204	1	Friendship	 I celebrate the uniqueness of each of my friends
205	1	Friendship	 I am a positive influence in my friends' lives
206	1	Friendship	 I am grateful for the laughter and companionship my friends bring into my life
207	1	Friendship	 My friendships are a reflection of the love and kindness I share with others
208	1	Friendship	 I am blessed with deep and meaningful friendships that enrich my life
209	1	Friendship	  I attract friends who uplift and inspire me to be my best self
210	1	Friendship	 My friendships are a constant source of joy and fulfillment in my life
211	1	Friendship	 I am surrounded by friends who value and respect me for who I am
212	1	Friendship	 Every friend I have brings light and positivity into my life
213	1	Friendship	 I am grateful for the deep emotional bonds I share with my friends
214	1	Friendship	 My friendships are based on mutual trust, understanding, and support
215	1	Friendship	 I attract friends who share my interests and passions, fostering meaningful connections
216	1	Friendship	 I am a magnet for positive, uplifting friendships that nourish my soul
217	1	Friendship	 My friends are like family to me, providing love and comfort in times of need
218	1	Friendship	 I am open to forming new friendships and expanding my circle of support and companionship
219	2	Family	My family is my anchor, grounding me in love and support
220	2	Family	 I am surrounded by family members who nurture and cherish me
221	2	Family	 Each member of my family contributes to our collective strength and resilience
222	2	Family	 I am grateful for the deep connections and bonds shared with my family
223	2	Family	 My family provides a safe and nurturing environment for me to grow and thrive
224	2	Family	 I am surrounded by family members who inspire me to be my best self
225	2	Family	 My family celebrates our successes and supports each other through challenges
226	2	Family	 I am grateful for the love and laughter shared with my family
227	2	Family	 My family is my greatest treasure, and I am thankful for them every day
228	2	Family	 I am deeply connected to my family, and our bond grows stronger with each passing day
229	2	Family	  My family's love strengthens me and fills me with gratitude
230	2	Family	 I am surrounded by a family that supports and encourages my growth
231	2	Family	 Every member of my family adds unique value to our collective bond
232	2	Family	 I appreciate the harmony and understanding that flows within my family
233	2	Family	 My family's love is a constant source of inspiration and motivation
234	2	Family	 I am grateful for the resilience and unity that defines my family
235	2	Family	 Each family member brings their own light, enriching our shared experiences
236	2	Family	 I nurture loving connections within my family, fostering deeper relationships
237	2	Family	 I am a beacon of love and positivity within my family circle
238	2	Family	 My family embraces forgiveness and understanding, strengthening our bond
239	2	Family	 I cherish the laughter and joy that fills our family gatherings
240	2	Family	 My family's support empowers me to overcome any challenge
241	2	Family	 I am grateful for the lessons of compassion and empathy learned from my family
242	2	Family	 Every family member is a cherished treasure, adding richness to our lives
243	2	Family	 I am deeply connected to my family, even in times of distance or change
244	2	Family	 My family's love is unwavering, providing a safe haven in life's storms
245	2	Family	 I celebrate the diversity and individuality within my family unit
246	2	Family	 I radiate love and positivity, uplifting my family members in return
247	2	Family	 My family is a sanctuary of love, acceptance, and understanding
248	2	Family	 I am a source of strength and support for my family, and they are for me
249	2	Family	  My family's love is a constant source of inspiration and strength
250	2	Family	 I am surrounded by family members who encourage and support my growth
251	2	Family	 Each member of my family brings their own special light into our lives
252	2	Family	 I am grateful for the deep connections and bonds shared with my family
253	2	Family	 My family provides a safe and nurturing environment for me to thrive
254	2	Family	 I cherish the moments of laughter and joy shared with my family
255	2	Family	 I am surrounded by family members who believe in my potential and encourage me to pursue my dreams
256	2	Family	  My family is my rock, providing unwavering support and encouragement
257	2	Family	 I am surrounded by family members who lift me up and inspire me to greatness
258	2	Family	 Each member of my family brings their own unique perspective and strengths
259	2	Family	 I am grateful for the bonds of love that tie my family together
260	2	Family	 My family is a source of joy and laughter in my life
261	2	Family	 I am surrounded by family members who believe in my potential and cheer me on
262	2	Family	 My family is a sanctuary of love and acceptance, where I can always be myself
263	2	Family	 I am grateful for the memories created and cherished with my family
264	2	Family	 I am a valuable member of my family, contributing to our collective happiness
265	2	Family	 My family is a source of wisdom and guidance, helping me navigate life's challenges
266	2	Family	 I am surrounded by family members who inspire me to be my best self
267	2	Family	 My family celebrates our differences and embraces our shared values
268	2	Family	 I am grateful for the unconditional love and support I receive from my family
269	2	Family	 My family is my greatest blessing, and I am thankful for them every day
270	2	Family	 I am surrounded by family members who encourage me to follow my dreams
271	2	Family	 My family is a source of strength and resilience, helping me overcome obstacles
272	2	Family	 I am grateful for the laughter and joy that fills our family gatherings
273	2	Family	 My family's love knows no bounds and extends to all members unconditionally
274	2	Family	 I am deeply connected to my family, and our bond only grows stronger with time
275	2	Family	 My family is a constant source of inspiration and motivation in my life
276	2	Family	 I am grateful for the traditions and values passed down through generations in my family
277	2	Family	 I am surrounded by family members who support and uplift each other
278	2	Family	 My family relationships are built on a foundation of trust and mutual respect
279	2	Family	 I am a source of love and positivity within my family, spreading joy to all
280	2	Family	 I am blessed to have a family that loves and supports me unconditionally
281	2	Family	 My family relationships are built on a foundation of love, respect, and mutual understanding
282	2	Family	 I am grateful for the traditions and values passed down through generations in my family
283	2	Family	 I am a source of love and support for my family, and they are for me
284	2	Family	 My family celebrates each other's successes and supports each other through challenges
285	2	Family	 I am grateful for the lessons of resilience and perseverance learned from my family
286	2	Family	 My family is a reflection of the love and kindness that exists in the world
287	2	Family	 I am deeply connected to my family, no matter where life takes us
288	2	Family	 My family members are my greatest teachers, guiding me on my journey of self-discovery
289	2	Family	 I am surrounded by family members who uplift and inspire me to be my best self
290	2	Family	 My family is my home, where I am loved unconditionally and accepted for who I am
291	2	Family	 I am grateful for the memories and experiences shared with my family
292	2	Family	 My family's love is a constant source of comfort and reassurance in my life
293	2	Family	 I am surrounded by family members who support and encourage each other's growth
294	2	Family	 My family relationships are a source of stability and security in my life
295	2	Family	 I am grateful for the laughter and joy that fills our family gatherings
296	2	Family	 My family's love knows no bounds and extends to all members unconditionally
297	2	Family	 I am a valuable member of my family, contributing to our collective happiness and well-being
298	2	Family	 I am blessed to have a family that loves and supports me through thick and thin
299	2	Family	  My family is a source of unconditional love and support
300	2	Family	 I cherish the bond I share with my family members
301	2	Family	 Every member of my family contributes to our collective happiness and well-being
302	2	Family	 I am grateful for the strong foundation of love and stability provided by my family
303	2	Family	 I nurture my family relationships with patience, understanding, and compassion
304	2	Family	 My family members are my greatest allies and confidants
305	2	Family	 I create harmonious and loving interactions within my family
306	2	Family	 My family celebrates our differences and embraces our shared values
307	2	Family	 I am surrounded by a family that respects and honors each other's uniqueness
308	2	Family	 I appreciate the memories and traditions that bond my family together
309	2	Family	 I am a source of strength and support for my family during challenging times
310	2	Family	 My family communicates openly and honestly, fostering trust and closeness
311	2	Family	 I am grateful for the lessons and wisdom passed down through generations in my family
312	2	Family	 My family shares laughter, joy, and cherished moments together
313	2	Family	 I am surrounded by a family that encourages and empowers me to pursue my dreams
314	2	Family	 I am deeply connected to my family, no matter the distance or circumstances
315	2	Family	 My family relationships are based on mutual respect, kindness, and gratitude
316	2	Family	 I am a valuable member of my family, contributing to our collective growth and happiness
317	2	Family	 My family members support and uplift each other, creating a loving and nurturing environment
318	2	Family	 I am surrounded by a family that loves and accepts me exactly as I am
319	3	Career	I am capable, competent, and confident in my skills and abilities
320	3	Career	 I attract fulfilling and rewarding opportunities that align with my passions and values
321	3	Career	 I am worthy of success and abundance in my career
322	3	Career	 I approach challenges with resilience, creativity, and determination
323	3	Career	 I am open to learning and growth, constantly expanding my knowledge and expertise
324	3	Career	 I trust in my intuition to guide me towards the right career path for me
325	3	Career	 I am a valuable asset to any team or organization, contributing my unique talents and perspectives
326	3	Career	 I set clear goals for my career and take consistent action to achieve them
327	3	Career	 I embrace change as an opportunity for growth and transformation in my career
328	3	Career	 I am proactive in seeking out new opportunities and networking with others in my field
329	3	Career	 I radiate confidence and professionalism in all of my interactions
330	3	Career	 I attract supportive mentors, colleagues, and allies who help me succeed in my career
331	3	Career	 I am grateful for the challenges I face, as they provide valuable lessons and opportunities for growth
332	3	Career	  I am the master of my career destiny, and I create success with every decision I make
333	3	Career	 My career path is illuminated with opportunities, and I seize them with confidence and enthusiasm
334	3	Career	 I radiate positivity and professionalism in every aspect of my career
335	3	Career	 I am open to receiving abundance and prosperity in my career endeavors
336	3	Career	 Each day, I take inspired action towards my career goals with unwavering determination
337	3	Career	 I am a beacon of innovation and creativity in my chosen career field
338	3	Career	 I attract supportive mentors and allies who guide and inspire me on my career journey
339	3	Career	 My career is a reflection of my unique talents, and I express them fully in everything I do
340	3	Career	 I trust in my ability to navigate challenges and setbacks in my career with grace and resilience
341	3	Career	 I am aligned with the perfect opportunities that lead to my ultimate career fulfillment
342	3	Career	 I am deserving of recognition and appreciation for my contributions in my career
343	3	Career	 My career is an expression of my passion, purpose, and values
344	3	Career	 I welcome growth and expansion in my career, knowing that every experience is a stepping stone to success
345	3	Career	 I am grateful for the abundance of resources and support that flow effortlessly into my career
346	3	Career	 I embrace change and adaptability in my career, knowing that they lead to new opportunities and growth
347	3	Career	 I am a magnet for fulfilling and rewarding career experiences
348	3	Career	 I am surrounded by a supportive network of colleagues and mentors who uplift and inspire me
349	3	Career	 My career journey is filled with excitement and adventure, and I embrace each new opportunity with enthusiasm
350	3	Career	 I am confident in my ability to manifest my ideal career path with clarity and intention
351	3	Career	 I am grateful for the opportunities that challenge me to step outside my comfort zone and grow in my career
352	3	Career	 I am aligned with the perfect balance of work and play in my career, allowing me to thrive in all areas of my life
353	3	Career	 I trust in the divine timing of my career journey, knowing that everything unfolds in perfect harmony
354	3	Career	 I am a magnet for success and prosperity in my career, and I attract abundance with ease and grace
355	3	Career	 I am grateful for the abundance of opportunities that allow me to express my unique talents and skills in my career
356	3	Career	 I am a powerful creator, and I shape my career destiny with intention and purpose
357	3	Career	 I visualize my career success with clarity and focus, manifesting my dreams into reality
358	3	Career	 I celebrate my achievements and milestones, acknowledging my progress along the way
359	3	Career	 I create a healthy work-life balance that supports my overall well-being and happiness
360	3	Career	 I am resilient in the face of setbacks, bouncing back stronger and more determined than before
361	3	Career	 I communicate effectively and assertively, advocating for myself and my career goals
362	3	Career	 I embrace continuous improvement and seek out opportunities for professional development
363	3	Career	 I am the architect of my own career, designing a path that brings me fulfillment and joy
364	3	Career	 I release any self-doubt or limiting beliefs that hold me back from reaching my full potential
365	3	Career	 I am resourceful and adaptable, able to thrive in any environment or circumstance
366	3	Career	 I am deserving of success and recognition for my hard work and dedication
367	3	Career	 I trust in the timing of my career journey, knowing that everything unfolds in perfect divine order
368	3	Career	 I am the master of my destiny, creating a career that brings me purpose, passion, and prosperity
369	3	Career	  I am worthy of success and fulfillment in my career
370	3	Career	 My career is a reflection of my passion and purpose
371	3	Career	 I attract opportunities that align with my skills and talents
372	3	Career	 I am confident in my ability to achieve my career goals
373	3	Career	 Every challenge I face in my career is an opportunity for growth
374	3	Career	 I am committed to continuous learning and improvement in my career
375	3	Career	 I trust in the timing of my career path and know that everything unfolds as it should
376	3	Career	 I am grateful for the abundance of opportunities available to me in my career
377	3	Career	 My career is a source of inspiration and creativity in my life
378	3	Career	 I am open to new possibilities and embrace change in my career journey
379	3	Career	 I am deserving of success and recognition in my chosen career field
380	3	Career	 I approach my work with enthusiasm and dedication
381	3	Career	 I am surrounded by supportive colleagues and mentors who uplift and inspire me
382	3	Career	 I am empowered to make choices that align with my career aspirations
383	3	Career	 I am grateful for the lessons learned and experiences gained in my career
384	3	Career	 I trust in my intuition to guide me towards fulfilling career opportunities
385	3	Career	 I am worthy of financial abundance and prosperity in my career
386	3	Career	 I am capable of overcoming any obstacles that may arise in my career path
387	3	Career	 My career is a journey of self-discovery and personal growth
388	3	Career	 I am confident in my ability to create the career of my dreams
389	3	Career	 I am grateful for the skills and talents that contribute to my success in my career
390	3	Career	 I am focused and determined to achieve my career goals
391	3	Career	 I am aligned with my true calling and purpose in my career
392	3	Career	 I am surrounded by opportunities that lead to my career fulfillment
393	3	Career	 I am grateful for the abundance of opportunities that flow effortlessly into my career
394	3	Career	  I am the architect of my career, and I design it with purpose and intention
395	3	Career	 My career path is filled with endless possibilities and opportunities for growth
396	3	Career	 I am deserving of success and prosperity in my career endeavors
397	3	Career	 I am grateful for the abundance of talents and skills that contribute to my career success
398	3	Career	 Every step I take in my career journey leads me closer to my ultimate goals
399	3	Career	 I am aligned with my passion and purpose, guiding me towards a fulfilling career
400	3	Career	 I am open to receiving the support and guidance I need to advance in my career
401	3	Career	 My career is a reflection of my values, and I align my actions with integrity and authenticity
402	3	Career	 I am confident in my ability to overcome challenges and setbacks in my career
403	3	Career	 I trust in the divine timing of my career path, knowing that everything unfolds perfectly
404	3	Career	 I am grateful for the opportunities that come my way, and I seize them with courage and determination
405	3	Career	 I am a magnet for positive energy and opportunities in my career field
406	3	Career	 I am surrounded by a network of mentors and allies who support and uplift me in my career journey
407	3	Career	 I am committed to lifelong learning and growth in my career
408	3	Career	 I am worthy of recognition and appreciation for my contributions in my career
409	3	Career	 My career is a source of joy and fulfillment, and I approach each day with enthusiasm and passion
410	3	Career	 I am grateful for the abundance of resources and support available to me in my career
411	3	Career	 I am resilient and adaptable, able to thrive in any professional environment
412	3	Career	 I am aligned with my true purpose, and my career reflects my authentic self
413	3	Career	 I am empowered to take bold risks and pursue my wildest career dreams
414	3	Career	 I am grateful for the lessons learned from both successes and failures in my career
415	3	Career	 I am surrounded by opportunities for advancement and growth in my career
416	3	Career	 I am confident in my abilities and talents, knowing that I have what it takes to succeed in my career
417	3	Career	 I am a powerful creator, and I manifest my ideal career with clarity and intention
418	3	Career	 I am grateful for the fulfillment and abundance that my career brings into my life
419	4	Wealth	I am a money magnet, attracting wealth and abundance into my life effortlessly
420	4	Wealth	 Wealth and prosperity flow to me in abundance, enriching every aspect of my life
421	4	Wealth	 I am aligned with the energy of abundance, attracting wealth and success with ease
422	4	Wealth	 I am grateful for the wealth and abundance that surrounds me every day
423	4	Wealth	 My wealth expands exponentially as I continue to align with my highest purpose
424	4	Wealth	 I am open to receiving unlimited wealth and prosperity into my life
425	4	Wealth	 I am worthy of experiencing financial freedom and abundance in all areas of my life
426	4	Wealth	 I attract opportunities that lead to my financial success and prosperity
427	4	Wealth	 I am financially free, and money comes to me easily and effortlessly
428	4	Wealth	 I am a conscious creator of wealth, and I use my resources to create positive change in the world
429	4	Wealth	 I am grateful for the abundance of wealth and opportunities that come my way
430	4	Wealth	 I release all limiting beliefs about money and welcome abundance into my life
431	4	Wealth	 I am surrounded by opportunities to grow and expand my wealth
432	4	Wealth	 My wealth grows as I continue to align with my purpose and passion
433	4	Wealth	 I am open to receiving wealth and abundance from expected and unexpected sources
434	4	Wealth	 I am aligned with the vibration of wealth and abundance, attracting it effortlessly
435	4	Wealth	 I am deserving of all the wealth and prosperity that comes my way
436	4	Wealth	 I am grateful for the financial freedom that allows me to live my desired lifestyle
437	4	Wealth	 I am a magnet for financial success and abundance
438	4	Wealth	 I am open to receiving wealth and abundance in all areas of my life
439	4	Wealth	 I am worthy of experiencing unlimited wealth and financial freedom
440	4	Wealth	 I am grateful for the wealth and abundance that flows into my life in increasing amounts
441	4	Wealth	 I am aligned with the energy of abundance, and I attract wealth effortlessly
442	4	Wealth	 I am open to receiving wealth and abundance from multiple sources
443	4	Wealth	 I am worthy of experiencing unlimited wealth and prosperity
444	4	Wealth	  I am worthy of wealth and abundance in all areas of my life
445	4	Wealth	 I attract prosperity and financial success effortlessly and easily
446	4	Wealth	 Money flows to me freely and abundantly from multiple sources
447	4	Wealth	 I am grateful for the wealth and abundance that surrounds me every day
448	4	Wealth	 I release any limiting beliefs about money and open myself up to unlimited possibilities
449	4	Wealth	 I am financially savvy and make wise decisions with my money
450	4	Wealth	 I am in control of my finances, and I manage them with confidence and clarity
451	4	Wealth	 I deserve to live a life of abundance and luxury, and I embrace it fully
452	4	Wealth	 I am aligned with the energy of abundance, and I attract wealth into my life naturally
453	4	Wealth	 I am a magnet for financial opportunities, and I seize them with enthusiasm and gratitude
454	4	Wealth	 I am open to receiving wealth in all its forms, both material and spiritual
455	4	Wealth	 I trust in my ability to create wealth and abundance through my skills, talents, and hard work
456	4	Wealth	 I release any fear or scarcity mentality and embrace the abundance mindset
457	4	Wealth	 I am grateful for the financial abundance that flows to me effortlessly and abundantly
458	4	Wealth	 I am worthy of receiving wealth and abundance, and I allow it to flow into my life freely
459	4	Wealth	 I am financially independent and secure, and I trust in my ability to create wealth
460	4	Wealth	 I am surrounded by abundance, and I attract opportunities for prosperity into my life
461	4	Wealth	 I am a money magnet, and I attract wealth and abundance with ease
462	4	Wealth	 I am deserving of all the riches and blessings that the universe has to offer
463	4	Wealth	 I am grateful for the wealth and abundance that I already have in my life
464	4	Wealth	 I am open to receiving unexpected windfalls and blessings from the universe
465	4	Wealth	 I am grateful for the financial freedom that allows me to live life on my own terms
466	4	Wealth	 I am aligned with the vibration of wealth and abundance, and I attract it effortlessly
467	4	Wealth	 I am worthy of living a life of luxury, and I allow myself to enjoy the finer things in life
468	4	Wealth	 I am grateful for the wealth and abundance that flows to me in unlimited ways
469	4	Wealth	  I am open to receiving abundance and prosperity in all areas of my life
470	4	Wealth	 Wealth flows to me effortlessly and abundantly
471	4	Wealth	 I am worthy of experiencing financial abundance and prosperity
472	4	Wealth	 I attract wealth and abundance with every thought I think
473	4	Wealth	 My wealth is a reflection of my inner abundance and prosperity consciousness
474	4	Wealth	 I am grateful for the abundance of wealth and prosperity that flows into my life
475	4	Wealth	 I am aligned with the energy of abundance and prosperity in all that I do
476	4	Wealth	 I am a magnet for wealth and abundance, attracting it with ease and grace
477	4	Wealth	 My wealth grows exponentially as I continue to align with my true purpose
478	4	Wealth	 I am open to receiving wealth and abundance from expected and unexpected sources
479	4	Wealth	 I release all limiting beliefs about money and welcome abundance into my life
480	4	Wealth	 I am deserving of all the wealth and prosperity that comes my way
481	4	Wealth	 I am surrounded by opportunities to create wealth and financial freedom
482	4	Wealth	 My wealth consciousness is expanding, allowing me to attract unlimited abundance
483	4	Wealth	 I am grateful for the financial abundance that allows me to live my desired lifestyle
484	4	Wealth	 I am aligned with the energy of abundance, and I attract wealth effortlessly
485	4	Wealth	 I am a conscious creator of wealth, and I use my resources wisely
486	4	Wealth	 I am grateful for the abundance of wealth and prosperity that flows into my life
487	4	Wealth	 I am open to receiving wealth and abundance in all forms
488	4	Wealth	 I am worthy of experiencing wealth and abundance in all areas of my life
489	4	Wealth	 I am a magnet for financial success and prosperity
490	4	Wealth	 I am grateful for the wealth and abundance that surrounds me
491	4	Wealth	 I am aligned with the vibration of wealth and abundance, and I attract it effortlessly
492	4	Wealth	 I am open to receiving wealth and abundance from multiple sources
493	4	Wealth	 I am grateful for the wealth and abundance that flows into my life in increasing amounts
494	4	Wealth	  I am a magnet for wealth and financial abundance, and I attract it effortlessly
495	4	Wealth	 Wealth flows to me from multiple sources, supporting me in living a life of abundance
496	4	Wealth	 I am open to receiving unlimited wealth and abundance into my life
497	4	Wealth	 I am worthy of experiencing wealth and prosperity in all areas of my life
498	4	Wealth	 My wealth expands as I align with the energy of abundance and gratitude
499	4	Wealth	 I am grateful for the abundance of wealth and opportunities that come my way
500	4	Wealth	 I am financially abundant, and money flows to me in unexpected ways
501	4	Wealth	 I release all resistance to wealth and abundance, allowing it to flow freely into my life
502	4	Wealth	 I am aligned with the vibration of wealth and abundance, attracting it effortlessly
503	4	Wealth	 I am a conscious creator of wealth, and I use my resources to create positive change in the world
504	4	Wealth	 I am surrounded by opportunities to grow and expand my wealth
505	4	Wealth	 I am deserving of all the wealth and abundance that comes my way
506	4	Wealth	 I am open to receiving wealth and abundance in all areas of my life
507	4	Wealth	 I am grateful for the financial freedom that allows me to live my desired lifestyle
508	4	Wealth	 I am a money magnet, attracting wealth and prosperity with ease
509	4	Wealth	 My wealth grows exponentially as I continue to align with my true purpose
510	4	Wealth	 I am grateful for the abundance of wealth and prosperity that surrounds me
511	4	Wealth	 I am aligned with the energy of abundance, and I attract wealth effortlessly
512	4	Wealth	 I am open to receiving wealth and abundance from multiple sources
513	4	Wealth	 I am worthy of experiencing unlimited wealth and financial freedom
514	4	Wealth	 I am a magnet for financial success and prosperity
515	4	Wealth	 I am grateful for the wealth and abundance that flows into my life in increasing amounts
516	4	Wealth	 I am aligned with the energy of abundance, and I attract wealth effortlessly
517	4	Wealth	 I am open to receiving wealth and abundance in all areas of my life
518	4	Wealth	 I am worthy of experiencing unlimited wealth and financial freedom
519	5	Health	My body is my temple, and I treat it with love and respect
520	5	Health	 I am committed to nourishing my body with wholesome, nutritious foods
521	5	Health	 Every day, I take steps towards better health and vitality
522	5	Health	 I am in tune with my body's needs and honor them with healthy choices
523	5	Health	 I prioritize regular physical activity to strengthen my body and mind
524	5	Health	 I release all excuses and embrace the joy of moving my body
525	5	Health	 I trust in my body's ability to heal and thrive with proper care and attention
526	5	Health	 I am grateful for my body's resilience and capacity for transformation
527	5	Health	 Each healthy choice I make brings me closer to vibrant health and well-being
528	5	Health	 I am worthy of investing time and effort into my health and happiness
529	5	Health	 I choose foods that fuel my body and support optimal health
530	5	Health	 I am mindful of my eating habits and choose moderation and balance
531	5	Health	 My health is my wealth, and I invest in it daily with positive choices
532	5	Health	 I am grateful for the gift of health and commit to nurturing it with gratitude
533	5	Health	 I listen to my body's signals and respond with kindness and care
534	5	Health	 I release all self-doubt and embrace the confidence that comes from prioritizing my health
535	5	Health	 I am worthy of feeling vibrant, energetic, and alive every day
536	5	Health	 I am the architect of my own health journey, and I choose to design a life filled with vitality
537	5	Health	 I am open to new experiences and practices that support my health and well-being
538	5	Health	 I celebrate my body's achievements and milestones on the path to better health
539	5	Health	 I let go of comparison and focus on my own journey towards wellness
540	5	Health	 I am surrounded by supportive people who encourage and uplift me in my health goals
541	5	Health	 I release all fear and resistance to change, trusting in the process of my health journey
542	5	Health	 I am grateful for the opportunity to cultivate a lifestyle of health and vitality
543	5	Health	 I am the guardian of my health, and I choose to nurture it with love, compassion, and joy
544	5	Health	  I am grateful for my body's ability to heal and regenerate itself
545	5	Health	 My body is a temple, and I treat it with love, care, and respect
546	5	Health	 I nourish my body with wholesome foods that fuel my energy and vitality
547	5	Health	 I prioritize rest and relaxation to rejuvenate my mind, body, and spirit
548	5	Health	 I listen to my body's signals and respond with compassion and kindness
549	5	Health	 Every breath I take fills me with vitality and strength
550	5	Health	 I am in tune with my body's needs and honor them with mindful action
551	5	Health	 I embrace physical activity as a joyful expression of self-care and well-being
552	5	Health	 I am grateful for the gift of movement, and I use it to enhance my health and happiness
553	5	Health	 I release all tension and stress from my body, allowing it to relax and unwind
554	5	Health	 I am radiantly healthy, inside and out, and I attract vibrant wellness into my life
555	5	Health	 I trust my body's innate wisdom to guide me towards optimal health
556	5	Health	 I am grateful for the abundance of fresh, clean air that fills my lungs and invigorates my spirit
557	5	Health	 I choose thoughts and beliefs that support my well-being and vitality
558	5	Health	 I am a magnet for positive health outcomes, attracting wellness and vitality into my life
559	5	Health	 I honor my body's need for hydration by drinking plenty of water throughout the day
560	5	Health	 I am grateful for the restorative power of sleep, which rejuvenates my body and mind each night
561	5	Health	 I nourish my body with love and kindness, knowing that it responds best to gentle care
562	5	Health	 I am surrounded by a supportive community that uplifts and encourages me on my journey to health
563	5	Health	 I am resilient and adaptable, capable of overcoming any health challenge that comes my way
564	5	Health	 I trust in the healing power of my body's innate intelligence to restore balance and harmony
565	5	Health	 I am grateful for the abundance of nutritious foods that sustain my health and well-being
566	5	Health	 I celebrate my body's strength and vitality, honoring it as the vessel for my soul's journey
567	5	Health	 I am aligned with the natural rhythms of life, living in harmony with the cycles of nature for optimal health
568	5	Health	 I am worthy of vibrant health and well-being, and I claim it now with gratitude and joy
569	5	Health	  I am committed to making choices that support my physical and mental well-being
570	5	Health	 My body is my greatest asset, and I invest in its health and vitality every day
571	5	Health	 I prioritize self-care as a non-negotiable part of my routine, ensuring my health comes first
572	5	Health	 I am grateful for the opportunity to nourish my body with nutritious foods that promote optimal health
573	5	Health	 I trust my body's signals and respond with love and compassion to its needs
574	5	Health	 Every cell in my body vibrates with health and vitality, radiating energy and strength
575	5	Health	 I embrace movement as a form of self-expression and joy, keeping my body strong and agile
576	5	Health	 I am resilient in the face of challenges, and I bounce back quickly from any setbacks to my health
577	5	Health	 I honor my body's need for rest and relaxation, allowing myself to recharge and rejuvenate fully
578	5	Health	 I am surrounded by a supportive environment that encourages and fosters my health and well-being
579	5	Health	 I listen to my intuition when it comes to my health, knowing that my inner wisdom guides me towards optimal choices
580	5	Health	 I am grateful for the abundance of resources and information available to support my health journey
581	5	Health	 I approach my health with curiosity and openness, continually seeking new ways to improve and thrive
582	5	Health	 I trust in the innate healing power of my body, knowing that it has the capacity to heal itself
583	5	Health	 I am proactive in managing my health, taking preventative measures to maintain my well-being
584	5	Health	 I am mindful of my thoughts and beliefs about health, cultivating a positive mindset that supports my vitality
585	5	Health	 I honor my body's natural rhythms and cycles, living in harmony with its needs and requirements
586	5	Health	 I am grateful for the support of healthcare professionals who partner with me on my journey to health
587	5	Health	 I celebrate my body's resilience and adaptability, trusting in its ability to navigate life's challenges with grace
588	5	Health	 I am a steward of my health, taking responsibility for my well-being and making choices that serve me best
589	5	Health	 I release any fear or anxiety about my health, knowing that I am supported and protected by the universe
590	5	Health	 I am grateful for the opportunity to learn and grow on my health journey, embracing every experience as a chance for growth
591	5	Health	 I am deserving of vibrant health and vitality, and I claim it now with confidence and gratitude
592	5	Health	 I am a beacon of health and wellness, inspiring others to prioritize their well-being and live their best lives
593	5	Health	 I am grateful for the gift of health, and I cherish it as the foundation of my happiness and fulfillment
594	6	Spirituality	I am a divine being, connected to the eternal source of all creation
595	6	Spirituality	 My soul is on a journey of growth, enlightenment, and self-realization
596	6	Spirituality	 I embrace the present moment with gratitude and acceptance
597	6	Spirituality	 I trust in the wisdom of the universe to guide me on my path
598	6	Spirituality	 I am one with all living beings, bound by the thread of divine love
599	6	Spirituality	 I radiate love, compassion, and kindness to all beings
600	6	Spirituality	 I am open to receiving spiritual insights and divine guidance
601	6	Spirituality	 I surrender my ego and align myself with the higher purpose of existence
602	6	Spirituality	 I honor the sacredness of life and treat every being with reverence
603	6	Spirituality	 I am a channel of divine light, spreading positivity and peace wherever I go
604	6	Spirituality	 I release all fear, doubt, and negativity, allowing my spirit to soar freely
605	6	Spirituality	 I forgive myself and others, understanding that forgiveness is a path to inner peace
606	6	Spirituality	 I trust in the process of life, knowing that every experience is a lesson for my soul's growth
607	6	Spirituality	 I am a co-creator of my reality, manifesting my desires with love and intention
608	6	Spirituality	 I nourish my mind, body, and spirit with practices that uplift and empower me
609	6	Spirituality	 I cultivate inner stillness and silence to hear the whispers of my soul
610	6	Spirituality	 I am grateful for the abundance of blessings that flow into my life effortlessly
611	6	Spirituality	 I surrender to the divine flow of life, allowing miracles to unfold in perfect timing
612	6	Spirituality	 I release attachment to outcomes and embrace the journey with faith and surrender
613	6	Spirituality	 I am a vessel of divine love, spreading joy and harmony wherever I go
614	6	Spirituality	 I am worthy of love, abundance, and happiness, just as I am
615	6	Spirituality	 I honor my intuition as a sacred gift, guiding me towards my highest good
616	6	Spirituality	 I embrace the interconnectedness of all things, seeing divinity in every aspect of creation
617	6	Spirituality	 I am a radiant being of light, shining my unique essence into the world
618	6	Spirituality	 I am at peace with myself and the universe, knowing that all is well in the divine plan
619	6	Spirituality	  I am connected to the infinite wisdom of the universe, guided by the light of my soul
620	6	Spirituality	 My spiritual journey is a path of growth and transformation, leading me towards greater understanding and enlightenment
621	6	Spirituality	 I trust in the divine timing of life, knowing that everything unfolds in perfect alignment with my highest good
622	6	Spirituality	 My heart is open to the divine presence within me, filling me with love, peace, and compassion
623	6	Spirituality	 I am a vessel of divine light, radiating love and positivity to all beings in the universe
624	6	Spirituality	 Every moment is a sacred opportunity to deepen my connection to the divine and align with my true purpose
625	6	Spirituality	 I honor the sacredness of all life, recognizing the divinity that resides within every living being
626	6	Spirituality	 My spirituality is a source of strength and resilience, guiding me through life's challenges with grace and courage
627	6	Spirituality	 I am attuned to the subtle whispers of my intuition, trusting in its guidance to lead me towards my highest path
628	6	Spirituality	 My soul is eternal and infinite, transcending the limitations of time and space
629	6	Spirituality	 I embrace the power of forgiveness, releasing past hurts and resentments to make space for love and healing
630	6	Spirituality	 I am grateful for the abundance of blessings that flow into my life, recognizing them as gifts from the universe
631	6	Spirituality	 My spiritual practice nourishes my soul and brings me closer to the divine presence within me
632	6	Spirituality	 I surrender to the flow of life, trusting that everything happens for a reason and serves my soul's growth
633	6	Spirituality	 I am a co-creator of my reality, manifesting my desires with the power of my thoughts, beliefs, and intentions
634	6	Spirituality	 My connection to the divine fills me with a sense of peace and contentment, regardless of external circumstances
635	6	Spirituality	 I honor the interconnectedness of all beings, recognizing that we are all one with the universe
636	6	Spirituality	 My spirituality is a source of inspiration and guidance, helping me navigate the complexities of life with clarity and purpose
637	6	Spirituality	 I am guided by the wisdom of my ancestors, who walk beside me on my spiritual journey
638	6	Spirituality	 My soul is a beacon of light, illuminating the path for others to find their way back to their own divine essence
639	6	Spirituality	 I embrace the mystery of existence, knowing that there is always more to learn and discover on my spiritual path
640	6	Spirituality	 I am grateful for the lessons I have learned and the growth they have brought to my soul
641	6	Spirituality	 My spirituality is a source of comfort and solace, providing me with strength and resilience in times of difficulty
642	6	Spirituality	 I trust in the divine plan for my life, knowing that I am always supported and guided by the universe
643	6	Spirituality	  I am a spiritual being having a human experience, journeying through life with grace and purpose
644	6	Spirituality	 My soul is a beacon of light, shining brightly amidst the darkness, guiding me towards truth and liberation
645	6	Spirituality	 I am grateful for the lessons of the past, which have shaped me into the person I am today and propelled me forward on my spiritual journey
646	6	Spirituality	 My connection to the divine is unwavering, a constant source of love, guidance, and protection
647	6	Spirituality	 I embrace the sacredness of each moment, recognizing it as an opportunity for spiritual growth and expansion
648	6	Spirituality	 I am attuned to the whispers of the universe, hearing its messages in the gentle rustle of the wind and the soft murmurs of my heart
649	6	Spirituality	 My spiritual practice nourishes and sustains me, providing me with the strength and resilience to face life's challenges with grace and equanimity
650	6	Spirituality	 I am grateful for the gift of intuition, which serves as my inner compass, guiding me towards my true path and purpose
651	6	Spirituality	 My soul is eternal and infinite, transcending the limitations of this physical existence
652	6	Spirituality	 I honor the divine within me and all beings, recognizing the interconnectedness and oneness of all creation
653	6	Spirituality	 I am grateful for the abundance of love that flows through me, connecting me to the heart of the universe
654	6	Spirituality	 My spirituality is a source of comfort and solace, providing me with refuge and sanctuary in times of need
655	6	Spirituality	 I am a conduit for divine love and healing, channeling its energy to uplift and inspire those around me
656	6	Spirituality	 My connection to the divine fills me with a profound sense of peace and contentment, anchoring me in the present moment
657	6	Spirituality	 I am grateful for the beauty and wonder of the natural world, which reflects the divine essence of creation
658	6	Spirituality	 My spiritual journey is a path of self-discovery and self-realization, leading me towards greater levels of awareness and enlightenment
659	6	Spirituality	 I am guided by the wisdom of the ages, drawing upon the teachings of sages and mystics to deepen my understanding of the divine
660	6	Spirituality	 My spirituality is a source of joy and inspiration, infusing every aspect of my life with meaning and purpose
661	6	Spirituality	 I am grateful for the opportunities for growth and transformation that arise on my spiritual path
662	6	Spirituality	 My soul is a vessel of light and love, radiating its brilliance into the world and illuminating the darkness
663	6	Spirituality	 I am aligned with the divine flow of life, trusting in its wisdom and timing to guide me towards my highest good
664	6	Spirituality	 I am a co-creator of my reality, manifesting my desires with the power of my thoughts, beliefs, and intentions
665	6	Spirituality	 My spirituality is a source of strength and resilience, enabling me to overcome obstacles and challenges with grace and fortitude
666	6	Spirituality	 I am grateful for the support and guidance of my spiritual community, which uplifts and sustains me on my journey
667	6	Spirituality	  I am connected to the divine source of all creation, finding solace and guidance in its eternal wisdom
668	6	Spirituality	 My spiritual journey is a sacred pilgrimage, leading me towards deeper levels of self-discovery and enlightenment
669	6	Spirituality	 I trust in the divine plan for my life, knowing that every experience serves a higher purpose on my soul's journey
670	6	Spirituality	 I am a vessel of divine grace, embodying the qualities of compassion, kindness, and forgiveness
671	6	Spirituality	 My heart is a sanctuary of peace and love, open to receive the blessings of the universe
672	6	Spirituality	 I am grateful for the gift of mindfulness, which allows me to cultivate presence and awareness in every moment
673	6	Spirituality	 My spirituality is a beacon of hope and inspiration, lighting the way for others to find their own path to enlightenment
674	6	Spirituality	 I honor the sacredness of all life, treating every being with reverence, respect, and compassion
675	6	Spirituality	 I am a student of the universe, forever learning and growing on my spiritual path
676	6	Spirituality	 My soul is a mirror reflecting the divine light within me, shining brightly for all to see
677	6	Spirituality	 I am attuned to the rhythms of the cosmos, dancing in harmony with the sacred song of creation
678	6	Spirituality	 I am grateful for the lessons of adversity, which strengthen my faith and deepen my connection to the divine
679	6	Spirituality	 My spirituality is a source of empowerment and liberation, freeing me from the shackles of fear and limitation
680	6	Spirituality	 I am a co-creator of my reality, aligning my thoughts, words, and actions with the highest vibrations of love and light
681	6	Spirituality	 I am guided by the wisdom of my intuition, trusting in its guidance to lead me towards my highest path and purpose
682	6	Spirituality	 My spirituality is a journey of surrender, letting go of attachment and embracing the flow of life with grace and acceptance
683	6	Spirituality	 I am a channel for divine healing energy, offering comfort and solace to those in need
684	6	Spirituality	 I am grateful for the abundance of blessings that grace my life, recognizing them as gifts from the universe
685	6	Spirituality	 My spiritual practice is a sacred ritual, a communion with the divine that nourishes and sustains me on my journey
686	6	Spirituality	 I am a beacon of love and compassion, spreading kindness and goodwill wherever I go
687	6	Spirituality	 I am grateful for the gift of awareness, which allows me to see the beauty and wonder of the world with fresh eyes
688	6	Spirituality	 My spirituality is a source of strength and resilience, empowering me to overcome obstacles and challenges with grace and fortitude
689	6	Spirituality	 I am a guardian of the earth, honoring and protecting the natural world as a sacred expression of the divine
690	6	Spirituality	 I am a co-creator of peace and harmony, envisioning a world filled with love, compassion, and understanding
691	7	Beauty	My inner beauty radiates outward, illuminating every corner of my life
692	7	Beauty	 I am a reflection of the beauty that surrounds me, a masterpiece of divine creation
693	7	Beauty	 Beauty flows through me effortlessly, infusing every action and interaction with grace and charm
694	7	Beauty	 I see beauty in the world around me, from the delicate petals of a flower to the vastness of the night sky
695	7	Beauty	 Every imperfection is a unique facet of my beauty, adding depth and character to my being
696	7	Beauty	 I embrace my uniqueness and celebrate the beauty of my individuality
697	7	Beauty	 Beauty is not defined by external standards but by the light that shines from within me
698	7	Beauty	 I am a magnet for beauty, attracting positivity, joy, and abundance into my life
699	7	Beauty	 I honor and cherish my body as a temple of beauty, treating it with love and respect
700	7	Beauty	 I am surrounded by beauty in all its forms, from the artistry of nature to the creativity of humanity
701	7	Beauty	 Beauty is a state of mind, cultivated through self-love, acceptance, and appreciation
702	7	Beauty	 I recognize and appreciate the beauty in others, celebrating the diversity and richness of humanity
703	7	Beauty	 Every experience is an opportunity to discover beauty, whether in moments of joy or in times of challenge
704	7	Beauty	 I see beauty in the journey of life, embracing both the peaks and valleys with gratitude and grace
705	7	Beauty	 I am a conduit for beauty, channeling its energy to uplift and inspire those around me
706	7	Beauty	 I radiate confidence and self-assurance, knowing that true beauty comes from within
707	7	Beauty	 Beauty is not a destination but a journey of self-discovery and self-expression
708	7	Beauty	 I am grateful for the gift of beauty in all its forms, enriching my life and awakening my soul
709	7	Beauty	 I find beauty in the simple pleasures of life, from a warm embrace to a heartfelt smile
710	7	Beauty	 Every scar tells a story of resilience and strength, adding to the tapestry of my beauty
711	7	Beauty	 I am a vessel of beauty, overflowing with love, kindness, and compassion for myself and others
712	7	Beauty	 I am worthy of love and admiration, simply because I am a beautiful being worthy of recognition
713	7	Beauty	 I am surrounded by beauty, both seen and unseen, reminding me of the magic and wonder of existence
714	7	Beauty	 I embrace my flaws as part of my beauty, embracing them with love and acceptance
715	7	Beauty	 Beauty surrounds me, fills me, and emanates from me, creating a ripple effect of joy and inspiration wherever I go
716	7	Beauty	  I am a radiant expression of life's magnificence, embodying beauty in every aspect of my being
717	7	Beauty	 My presence exudes a captivating aura that draws others towards me, enchanted by my inner and outer beauty
718	7	Beauty	 I recognize and appreciate the exquisite harmony of colors, shapes, and textures that compose the world around me
719	7	Beauty	 With each breath, I inhale the fragrance of beauty, allowing it to permeate every cell of my being
720	7	Beauty	 I am a living work of art, sculpted by the hands of love and adorned with the essence of beauty
721	7	Beauty	 Beauty flows through me like a gentle breeze, refreshing and revitalizing all that it touches
722	7	Beauty	 I am a mirror reflecting the beauty of the universe, shimmering with the brilliance of a thousand stars
723	7	Beauty	 In every smile, every gesture, I find the signature of beauty, a silent testament to the grace of existence
724	7	Beauty	 I see beauty in the dance of light and shadow, in the interplay of silence and sound that weaves the fabric of reality
725	7	Beauty	 My heart resonates with the rhythm of beauty, pulsating with the energy of creation and renewal
726	7	Beauty	 I am attuned to the subtle whispers of beauty that permeate the world, guiding me towards moments of wonder and awe
727	7	Beauty	 Beauty is not something to be possessed but a gift to be shared, a reflection of the interconnectedness of all things
728	7	Beauty	 I embrace the transient nature of beauty, finding solace in the impermanence that gives it its profound depth and meaning
729	7	Beauty	 I am a vessel of beauty, pouring forth its essence into the world, enriching the lives of those around me
730	7	Beauty	 Beauty is not bound by time or space but transcends all limitations, revealing itself in every moment, in every place
731	7	Beauty	 I am a magnet for beauty, attracting it into my life with the power of my thoughts, words, and actions
732	7	Beauty	 I see beauty in the eyes of those I meet, in the stories etched upon their faces, in the wisdom of their gaze
733	7	Beauty	 Every sunrise, every sunset is a masterpiece of beauty, a symphony of colors that fills my soul with awe and wonder
734	7	Beauty	 I am a custodian of beauty, nurturing its growth within myself and in the world around me
735	7	Beauty	 Beauty is the language of the soul, spoken through the poetry of existence, heard in the silence of the heart
736	7	Beauty	 I am a connoisseur of beauty, savoring its myriad expressions with the discerning palate of my spirit
737	7	Beauty	 Every act of kindness, every gesture of love is an expression of beauty, illuminating the world with its radiant glow
738	7	Beauty	 I am an embodiment of beauty, a living testament to the boundless creativity and abundance of the universe
739	7	Beauty	 Beauty resides not only in the seen but also in the unseen, in the mysteries that lie beyond the veil of perception
740	7	Beauty	 I am a seeker of beauty, exploring its depths and dimensions with curiosity, reverence, and gratitude
741	7	Beauty	  I embody the essence of radiance, shining brightly with the beauty of my soul
742	7	Beauty	 My spirit dances with grace and elegance, expressing the timeless beauty of existence
743	7	Beauty	 Every breath I take is a celebration of life's beauty, filling me with gratitude and wonder
744	7	Beauty	 I am a vessel of divine beauty, channeling love and light into the world around me
745	7	Beauty	 My presence exudes an aura of tranquility and peace, enveloping others in the beauty of serenity
746	7	Beauty	 I embrace my uniqueness with love and acceptance, knowing that true beauty lies in authenticity
747	7	Beauty	 The symphony of my laughter fills the world with joy, echoing the beauty of my spirit
748	7	Beauty	 I am a reflection of nature's beauty, harmonizing with the rhythms of the earth and sky
749	7	Beauty	 Each step I take is a dance of beauty, choreographed by the universe with precision and grace
750	7	Beauty	 I radiate confidence and self-assurance, embodying the beauty of empowerment and strength
751	7	Beauty	 My heart overflows with love, illuminating the world with the beauty of compassion and kindness
752	7	Beauty	 I am a living expression of love, beauty, and joy, embodying the highest ideals of existence
753	7	Beauty	 The beauty of my soul shines through my eyes, captivating hearts with its depth and intensity
754	7	Beauty	 I am a beacon of hope and inspiration, spreading beauty wherever I go with my words and actions
755	7	Beauty	 Every moment is a gift, an opportunity to experience the beauty of life in all its forms
756	7	Beauty	 I am a masterpiece of creation, intricately woven with threads of love and divine essence
757	7	Beauty	 My spirit soars with the beauty of freedom, embracing the boundless possibilities of existence
758	7	Beauty	 I radiate inner peace and harmony, reflecting the beauty of balance and alignment
759	7	Beauty	 I am a vessel of transformation, blossoming into my truest and most beautiful self with each passing day
760	7	Beauty	 My presence is a blessing to others, filling their lives with the beauty of connection and friendship
761	7	Beauty	 I am a reflection of the stars, shimmering with the beauty of the cosmos and the wisdom of the ages
762	7	Beauty	 Every scar is a badge of honor, a testament to the beauty of resilience and perseverance
763	7	Beauty	 I see the beauty in every soul I encounter, recognizing the divine spark that resides within each being
764	7	Beauty	 I am a fountain of joy and laughter, bubbling over with the beauty of life's simple pleasures
765	7	Beauty	  I am a reflection of divine grace, embodying elegance and charm in every gesture
766	7	Beauty	 My inner light shines brightly, illuminating the world with a radiant glow that captivates hearts
767	7	Beauty	 Every curve and contour of my being is a masterpiece, crafted with love and perfection
768	7	Beauty	 I see the beauty in every soul I encounter, recognizing the uniqueness and magnificence within each individual
769	7	Beauty	 My essence is a symphony of beauty, harmonizing with the rhythm of the universe in perfect balance
770	7	Beauty	 I radiate confidence and poise, exuding an aura of allure and magnetism wherever I go
771	7	Beauty	 My presence is like a blossoming flower, spreading fragrance and enchantment to all who behold me
772	7	Beauty	 I am a canvas of endless possibilities, painting the world with the colors of joy and vitality
773	7	Beauty	 The sparkle in my eyes reflects the boundless joy and wonder that resides within my soul
774	7	Beauty	 I embrace my flaws as badges of honor, celebrating the depth and character they add to my beauty
775	7	Beauty	 My spirit is as vast and limitless as the ocean, filled with the beauty of countless sunsets and sunrises
776	7	Beauty	 I am a living embodiment of grace and refinement, moving through life with elegance and sophistication
777	7	Beauty	 Every scar tells a story of resilience and strength, a testament to the beauty of overcoming adversity
778	7	Beauty	 I am a vision of loveliness, captivating hearts with the radiance of my inner light
779	7	Beauty	 The magic of my presence leaves an indelible mark on the hearts of those I encounter, filling their lives with beauty and inspiration
780	7	Beauty	 I am a rare gem, shimmering with the brilliance of authenticity and truth
781	7	Beauty	 My laughter is like music to the soul, filling the air with melody and harmony
782	7	Beauty	 I am a beacon of love and compassion, radiating warmth and kindness to all who cross my path
783	7	Beauty	 The beauty of my spirit knows no bounds, expanding infinitely with each act of love and kindness
784	7	Beauty	 I am a reflection of the divine, embodying the perfection and beauty of creation itself
785	7	Beauty	 My inner beauty shines through, illuminating the world with the brilliance of a thousand suns
786	7	Beauty	 I am a vision of serenity and peace, emanating tranquility and calm wherever I go
787	7	Beauty	 The beauty of my soul transcends physical form, radiating outwards in waves of love and light
788	7	Beauty	 I am a masterpiece of creation, intricately woven with threads of love, grace, and divine essence
789	7	Beauty	 My presence is a gift to the world, bringing joy, inspiration, and beauty to all who cross my path
790	8	Gratitude	I am grateful for the abundance of love and joy that fills my heart each day
791	8	Gratitude	 Gratitude is my constant companion, guiding me towards a life of fulfillment and purpose
792	8	Gratitude	 Every moment is a gift, and I am grateful for the opportunity to experience it fully
793	8	Gratitude	 I appreciate the beauty of each sunrise and sunset, reminders of the wonder and majesty of the world
794	8	Gratitude	 Gratitude fills me with a sense of peace and contentment, grounding me in the present moment
795	8	Gratitude	 I am thankful for the support of friends and family, who enrich my life with their presence and love
796	8	Gratitude	 Every challenge is an opportunity for growth, for which I am deeply grateful
797	8	Gratitude	 I express gratitude for the beauty of diversity, celebrating the uniqueness of each individual
798	8	Gratitude	 Gratitude is the key that unlocks the door to abundance and prosperity in my life
799	8	Gratitude	 I am thankful for the laughter and smiles that brighten my days and lift my spirits
800	8	Gratitude	 Each day brings new opportunities for gratitude, and I embrace them with an open heart
801	8	Gratitude	 I am grateful for the gift of forgiveness, allowing me to release resentments and find peace
802	8	Gratitude	 Gratitude fills me with a sense of wonder and awe, reminding me of the magic that surrounds me
803	8	Gratitude	 I appreciate the wisdom of my experiences, knowing that they have shaped me into the person I am today
804	8	Gratitude	 I am thankful for the kindness of strangers, who remind me of the inherent goodness in humanity
805	8	Gratitude	 Gratitude is the foundation of my resilience, helping me navigate life's challenges with grace and strength
806	8	Gratitude	 I express gratitude for the abundance of nature, which sustains and nourishes me on my journey
807	8	Gratitude	 I am grateful for the opportunities to learn and grow, expanding my horizons and deepening my understanding
808	8	Gratitude	 Every act of kindness, no matter how small, fills me with gratitude and inspires me to pay it forward
809	8	Gratitude	 Gratitude is a choice, and I choose to cultivate it each day, enriching my life and the lives of those around me
810	8	Gratitude	 I am thankful for the gift of perspective, allowing me to see the beauty and goodness in every situation
811	8	Gratitude	 Each day is a new beginning, and I am grateful for the chance to create a life filled with purpose and meaning
812	8	Gratitude	 Gratitude is my compass, guiding me towards a life of joy, abundance, and fulfillment
813	8	Gratitude	 I express gratitude for the abundance of opportunities that flow into my life, allowing me to live with passion and purpose
814	8	Gratitude	 I am thankful for the journey of self-discovery, which leads me closer to my true essence and purpose
815	8	Gratitude	  I am grateful for the abundance that surrounds me each day
816	8	Gratitude	 I appreciate the simple pleasures that bring joy to my life
817	8	Gratitude	 Gratitude fills my heart, uplifting my spirit with each passing moment
818	8	Gratitude	 I am thankful for the opportunities that come my way, guiding me towards growth and fulfillment
819	8	Gratitude	 Every challenge I face is an opportunity for learning and growth, for which I am grateful
820	8	Gratitude	 I express gratitude for the love and support of those who uplift me in times of need
821	8	Gratitude	 Each day, I find countless reasons to be thankful for the blessings in my life
822	8	Gratitude	 I am grateful for the gift of today, embracing its opportunities with an open heart
823	8	Gratitude	 Gratitude infuses my life with positivity, enriching every moment with its presence
824	8	Gratitude	 I am thankful for the beauty of nature, which inspires awe and wonder in my soul
825	8	Gratitude	 Every experience, whether joyful or challenging, is a gift for which I am grateful
826	8	Gratitude	 I express gratitude for the wisdom gained from life's lessons, shaping me into the person I am today
827	8	Gratitude	 I am grateful for the abundance of love and kindness that flows into my life
828	8	Gratitude	 Gratitude fills me with a sense of contentment and peace, regardless of life's circumstances
829	8	Gratitude	 I am thankful for the gift of health, cherishing the vitality that sustains me each day
830	8	Gratitude	 Each breath I take is a reminder of the precious gift of life, for which I am deeply grateful
831	8	Gratitude	 I appreciate the abundance of blessings that grace my life, both big and small
832	8	Gratitude	 Gratitude opens my heart to the infinite possibilities that lie ahead, filling me with hope and optimism
833	8	Gratitude	 I am thankful for the guidance of mentors and teachers who illuminate my path with wisdom
834	8	Gratitude	 Every interaction is an opportunity to express gratitude and spread kindness to others
835	8	Gratitude	 I am grateful for the strength and resilience that carry me through life's challenges
836	8	Gratitude	 Gratitude is the foundation of my happiness, enriching every aspect of my life
837	8	Gratitude	 I appreciate the moments of stillness and reflection that allow me to connect with gratitude
838	8	Gratitude	 Each day is a gift, and I am grateful for the privilege of living it to the fullest
839	8	Gratitude	  Gratitude transforms my challenges into opportunities for growth and resilience
840	8	Gratitude	 I am thankful for the gift of awareness, which allows me to recognize and appreciate the abundance in my life
841	8	Gratitude	 Gratitude is the cornerstone of my spiritual practice, deepening my connection to the divine and the universe
842	8	Gratitude	 Each expression of gratitude ripples outwards, spreading love, joy, and positivity into the world
843	8	Gratitude	 I am grateful for the moments of solitude and reflection, where I can connect deeply with myself and the universe
844	8	Gratitude	 Gratitude opens my heart to receive the blessings and abundance that the universe has in store for me
845	8	Gratitude	 I am thankful for the lessons of gratitude taught by nature, where every flower, tree, and animal speaks the language of appreciation
846	8	Gratitude	 Gratitude is my constant companion, guiding me through life's twists and turns with grace and humility
847	8	Gratitude	 I express gratitude for the gift of mindfulness, which allows me to savor the present moment and find joy in the smallest of things
848	8	Gratitude	 Each breath I take is a reminder of the miracle of life, for which I am deeply grateful
849	8	Gratitude	 Gratitude fills me with a sense of reverence and awe, reminding me of the interconnectedness of all beings and the universe
850	8	Gratitude	 I am thankful for the power of intention, which amplifies the energy of gratitude and attracts blessings into my life
851	8	Gratitude	 Gratitude is a state of being, cultivated through practice and intention, enriching every aspect of my life
852	8	Gratitude	 I express gratitude for the challenges I have overcome, for they have shaped me into the resilient and compassionate person I am today
853	8	Gratitude	 Each day is a canvas of gratitude, where I paint my blessings with the colors of appreciation and joy
854	8	Gratitude	 I am grateful for the gift of empathy, which allows me to connect deeply with others and share in their joys and sorrows
855	8	Gratitude	 Gratitude is my anchor in times of uncertainty, grounding me in the present moment and reminding me of the abundance that surrounds me
856	8	Gratitude	 I express gratitude for the diversity of life, celebrating the richness and beauty found in every culture, belief, and experience
857	8	Gratitude	 Gratitude is a bridge that connects me to the past, present, and future, reminding me of the interconnectedness of all time and space
858	8	Gratitude	 I am thankful for the power of community, which uplifts and supports me on my journey through life
859	8	Gratitude	 Gratitude is a healing balm, soothing my soul and nourishing my spirit in times of pain and sorrow
860	8	Gratitude	 I express gratitude for the gift of creativity, which allows me to express my appreciation for life in unique and beautiful ways
861	8	Gratitude	 Gratitude is a beacon of light, guiding me through the darkness and illuminating the path towards love, joy, and fulfillment
862	8	Gratitude	 I am thankful for the abundance of opportunities to serve and give back to others, for it is in giving that I receive the greatest blessings
863	8	Gratitude	 Gratitude is the song of my soul, a melody of love and appreciation that echoes throughout eternity
864	8	Gratitude	  Gratitude infuses every aspect of my life with meaning and purpose, enriching my journey with its presence
865	8	Gratitude	 I am thankful for the moments of laughter and joy that bring lightness to my soul and warmth to my heart
866	8	Gratitude	 Each day is a treasure trove of blessings, waiting to be discovered and celebrated with gratitude
867	8	Gratitude	 Gratitude is a powerful magnet, drawing into my life the people, experiences, and opportunities that align with my highest good
868	8	Gratitude	 I express gratitude for the abundance of love that surrounds me, uplifting and nourishing me on my path
869	8	Gratitude	 Every sunrise is a reminder of the new beginnings that await me, filled with endless possibilities and opportunities for growth
870	8	Gratitude	 Gratitude is the foundation of my happiness, anchoring me in the present moment and reminding me of the beauty that surrounds me
871	8	Gratitude	 I am thankful for the gift of resilience, which allows me to bounce back from adversity with grace and courage
872	8	Gratitude	 Each moment is a precious gift, and I am grateful for the opportunity to savor it fully and with an open heart
873	8	Gratitude	 Gratitude is the bridge that connects me to my inner wisdom, guiding me towards greater clarity, peace, and understanding
874	8	Gratitude	 I express gratitude for the abundance of creativity that flows through me, inspiring and enriching every aspect of my life
875	8	Gratitude	 Every setback is a stepping stone on my journey, for which I am grateful, knowing that it leads me closer to my goals and dreams
876	8	Gratitude	 Gratitude is my superpower, empowering me to transform challenges into opportunities and obstacles into stepping stones
877	8	Gratitude	 I am thankful for the gift of empathy, which allows me to see the world through the eyes of others and cultivate compassion in my heart
878	8	Gratitude	 Each day brings new blessings to be grateful for, and I welcome them with open arms and an open heart
879	8	Gratitude	 Gratitude is a mirror that reflects the beauty and abundance that already exist within me and around me
880	8	Gratitude	 I express gratitude for the gift of forgiveness, which liberates me from the burden of resentment and allows me to experience true freedom
881	8	Gratitude	 Every act of kindness, whether given or received, fills me with gratitude and reminds me of the inherent goodness of humanity
882	8	Gratitude	 Gratitude is my guiding star, illuminating my path and leading me towards a life of purpose, passion, and fulfillment
883	8	Gratitude	 I am thankful for the gift of intuition, which serves as my inner compass, guiding me towards the people, places, and experiences that nourish my soul
884	8	Gratitude	 Each moment is a precious opportunity to cultivate gratitude, and I embrace it with open arms and an open heart
885	8	Gratitude	 Gratitude is the language of the soul, speaking volumes of love, appreciation, and connection with every word spoken and every gesture made
886	8	Gratitude	 I express gratitude for the abundance of resources that flow into my life, supporting me on my journey and allowing me to thrive
887	8	Gratitude	 Every ending is a new beginning in disguise, for which I am grateful, knowing that it heralds the start of a new chapter filled with endless possibilities and opportunities for growth
888	9	Sleep	I drift into a peaceful sleep effortlessly each night
889	9	Sleep	 My mind unwinds and relaxes as I prepare for sleep
890	9	Sleep	 Sleep comes easily to me, and I welcome its restorative embrace
891	9	Sleep	 I release all tension and stress as I prepare for sleep
892	9	Sleep	 Each breath I take fills me with calmness, leading me into a deep slumber
893	9	Sleep	 My bedroom is a sanctuary of tranquility, perfect for restful sleep
894	9	Sleep	 I surrender to the gentle rhythm of my breath, guiding me into sleep
895	9	Sleep	 As I lay down, I let go of the day's worries and embrace serenity
896	9	Sleep	 I trust in the natural process of sleep to rejuvenate my body and mind
897	9	Sleep	 Every night, I sink into a state of deep relaxation, ready to recharge
898	9	Sleep	 My dreams are peaceful and filled with positivity
899	9	Sleep	 I am grateful for the gift of sleep and all the benefits it brings
900	9	Sleep	 Each night, I let go of the past and embrace the present moment
901	9	Sleep	 I create a bedtime routine that nurtures my body and soul
902	9	Sleep	 Sleep restores my energy, preparing me for a new day ahead
903	9	Sleep	 I welcome sleep as an essential part of my self-care routine
904	9	Sleep	 My mind and body are in harmony, promoting restful sleep
905	9	Sleep	 I release all worries and concerns, knowing they can wait until tomorrow
906	9	Sleep	 I allow myself to drift into a deep and rejuvenating sleep
907	9	Sleep	 My bed is a place of comfort and safety, conducive to peaceful rest
908	9	Sleep	 I deserve quality sleep, and I prioritize it in my life
909	9	Sleep	 Each night, I let go of the day's challenges and embrace relaxation
910	9	Sleep	 Sleep is a natural and vital part of my well-being
911	9	Sleep	 I am grateful for the opportunity to rest and recharge each night
912	9	Sleep	 Tomorrow is a new day filled with possibilities, made better by a good night's sleep
913	9	Sleep	  I effortlessly ease into a state of deep relaxation as I prepare for sleep
914	9	Sleep	 My mind gently releases all thoughts, allowing me to drift into peaceful slumber
915	9	Sleep	 With each exhale, I let go of the day's events, embracing tranquility
916	9	Sleep	 I welcome sleep as a cherished friend, bringing renewal and restoration
917	9	Sleep	 My bedroom environment is conducive to restful sleep, promoting deep relaxation
918	9	Sleep	 I trust in my body's innate ability to regulate my sleep patterns naturally
919	9	Sleep	 Sleeping deeply and soundly is my birthright, and I claim it with gratitude
920	9	Sleep	 I am attuned to the gentle rhythms of my breath, guiding me into peaceful rest
921	9	Sleep	 Every night, I create a sanctuary of calmness where sleep can envelop me
922	9	Sleep	 My subconscious mind is a haven of positivity, nurturing my dreams with love
923	9	Sleep	 I release all tension from my muscles, allowing my body to sink into relaxation
924	9	Sleep	 Each night, I surrender to the quiet stillness that envelops me, inviting rest
925	9	Sleep	 As I lay down to sleep, I embrace the soothing darkness that welcomes me
926	9	Sleep	 I honor my need for sleep and prioritize it as an essential aspect of self-care
927	9	Sleep	 My sleep space is sacred, free from distractions, inviting deep rest and rejuvenation
928	9	Sleep	 I trust that sleep provides the necessary healing and renewal my body and mind crave
929	9	Sleep	 With each passing moment, I sink deeper into a state of blissful relaxation
930	9	Sleep	 My dreams are a canvas of endless possibilities, filled with joy and inspiration
931	9	Sleep	 As I close my eyes, I invite peace to envelop me, nurturing my soul
932	9	Sleep	 Sleeping deeply and fully replenishes my energy, preparing me for the day ahead
933	9	Sleep	 I release all worries and concerns, knowing they have no power over my rest
934	9	Sleep	 My breath is a gentle lullaby, guiding me into a state of profound serenity
935	9	Sleep	 I welcome sleep as a time of reflection and renewal, embracing its gifts
936	9	Sleep	 Each night, I trust that sleep restores and replenishes me, readying me for tomorrow's adventures
937	9	Sleep	 As I drift into sleep, I am enveloped by a sense of profound gratitude for the gift of rest
938	9	Sleep	  I wake up each morning feeling refreshed and ready to embrace the day ahead
939	9	Sleep	 My mornings are filled with energy and vitality, thanks to restful sleep
940	9	Sleep	 I greet each new day with a sense of gratitude for the restorative power of sleep
941	9	Sleep	 Before bed, I engage in calming activities that prepare my body and mind for a peaceful night's sleep
942	9	Sleep	 I create a bedtime ritual that signals to my body it's time to unwind and relax
943	9	Sleep	 Each night, I release the events of the day, allowing my mind to rest deeply
944	9	Sleep	 My sleep environment is optimized for tranquility, promoting deep and restful sleep
945	9	Sleep	 I prioritize winding down before bed, ensuring I drift off into sleep effortlessly
946	9	Sleep	 Waking up well-rested is my norm, and I effortlessly maintain a healthy sleep schedule
947	9	Sleep	 I embrace the silence of the night, knowing it's a time for rest and renewal
948	9	Sleep	 My mind and body are in sync, allowing me to effortlessly transition into sleep each night
949	9	Sleep	 I trust in the natural rhythm of my body, knowing it guides me to rest when needed
950	9	Sleep	 Each morning, I wake up feeling rejuvenated and ready to tackle whatever comes my way
951	9	Sleep	 Before bed, I let go of any worries or stressors, allowing my mind to relax fully
952	9	Sleep	 My sleep is deep and uninterrupted, restoring me to optimal health and well-being
953	9	Sleep	 I welcome sleep as an essential component of my overall wellness routine
954	9	Sleep	 Each night, I sink into my bed with a sense of peace and contentment, knowing sleep awaits
955	9	Sleep	 I honor my body's need for rest, prioritizing sleep as a non-negotiable aspect of self-care
956	9	Sleep	 I embrace the stillness of the night, finding comfort in its gentle embrace
957	9	Sleep	 Waking up feeling rested and refreshed is my birthright, and I claim it with gratitude
958	9	Sleep	 I trust that my body knows how to regulate its sleep cycles, ensuring I wake up feeling rejuvenated
959	9	Sleep	 Before bed, I engage in activities that calm my mind and soothe my soul, preparing me for restful sleep
960	9	Sleep	 Each morning, I greet the sunrise with a sense of joy and vitality, thanks to a restful night's sleep
961	9	Sleep	 My sleep is deep and nourishing, providing me with the energy I need to thrive each day
962	9	Sleep	 I am grateful for the gift of sleep, knowing it restores and replenishes me in body, mind, and spirit
963	9	Sleep	  Each night, I cocoon myself in a blanket of serenity, allowing sleep to envelop me in its comforting embrace
964	9	Sleep	 My dreams are a canvas of infinite possibilities, painting my subconscious with colors of hope and inspiration
965	9	Sleep	 Before bed, I create a sanctuary of tranquility, where worries dissolve and peace reigns supreme
966	9	Sleep	 Sleep is my gentle guide, leading me through the realms of rest and renewal with effortless grace
967	9	Sleep	 I surrender to the rhythm of the night, allowing its soothing melody to lull me into a deep and restful slumber
968	9	Sleep	 As I lay my head down to rest, I invite the whispers of the universe to weave tales of wonder in my dreams
969	9	Sleep	 My bed is a sanctuary of solace, cradling me in its comforting embrace as I drift into the realm of dreams
970	9	Sleep	 Each night, I am blessed with the gift of sleep, a sacred journey that replenishes my soul and rejuvenates my spirit
971	9	Sleep	 Sleep is not merely a necessity; it is a sacred ritual, a gateway to inner peace and profound healing
972	9	Sleep	 I trust in the wisdom of my body, knowing that it will guide me into the depths of restorative sleep when the time is right
973	9	Sleep	 The night sky is my companion, a silent witness to the beauty of surrender and the power of letting go
974	9	Sleep	 Before bed, I release all tensions and worries, allowing my body and mind to sink into a state of perfect harmony
975	9	Sleep	 Sleep is my sanctuary, a sacred space where I am free to explore the depths of my being and commune with my soul
976	9	Sleep	 Each night, I surrender to the gentle whispers of sleep, knowing that they carry me to a place of profound peace and serenity
977	9	Sleep	 My dreams are a reflection of my deepest desires, guiding me towards a future filled with joy, abundance, and fulfillment
978	9	Sleep	 Before sleep, I take a moment to express gratitude for the day's blessings, allowing them to linger in my heart as I drift into slumber
979	9	Sleep	 The night holds no fear for me, for I am cradled in the loving embrace of sleep, where all worries are gently laid to rest
980	9	Sleep	 Each morning, I awaken with a sense of wonder and anticipation, eager to embrace the new day with renewed energy and vitality
981	9	Sleep	 Sleep is not an escape from reality; it is a doorway to a realm of infinite possibilities, where miracles unfold and dreams take flight
982	9	Sleep	 Before bed, I take a deep breath and release all thoughts of the past and future, allowing myself to fully inhabit the present moment
983	9	Sleep	 My bed is a sacred space, a haven of peace and tranquility where I am free to surrender to the gentle embrace of sleep
984	9	Sleep	 Each night, I wrap myself in the comforting embrace of darkness, allowing it to cradle me as I journey into the realm of dreams
985	9	Sleep	 Sleep is my ally, a faithful companion on the journey of life, guiding me through the darkness and into the light of a new day
986	9	Sleep	 Before bed, I take a moment to connect with the stillness within me, allowing it to anchor me in a state of perfect peace and serenity
987	9	Sleep	 Each morning, I rise with a sense of purpose and clarity, ready to embrace the day with open arms and a grateful heart
